TRUNCATE TABLE Payouts, Deliveries, OrderItems, Orders,
              MenuItems, BrandInventoryAllocation,
              Inventory, VirtualBrands, KitchenHubs,
              Couriers, Users
CASCADE;

INSERT INTO Users (user_id, username, password_hash, role) VALUES
(1,  'admin1',   '$2b$10$YdNIhUB/D0cFgrREF2iRZO/Ao62E4Rg.dYEm7zJhnhGMUiimnhpDu', 'admin'),
(2,  'kitchen1', '$2b$10$d6.r/VPYCqSRKoEWMQURS.lmsHXQTuPZF8eFX5kbzPprmWcOlyH5W', 'kitchen_staff'),
(3,  'kitchen2', '$2b$10$IJsq3BuMgJvy5XfcRD2nEeRniDUYmJbtcfbvzsy1oAOU4VB3KssRS', 'kitchen_staff'),
(4,  'ali',      '$2b$10$QsdhYBI3Pg2KQ22TPI8X3eC3koPAM0JpddXdeDc6Z1dAt3sTSdbmW', 'courier'),
(5,  'ahmed',    '$2b$10$tkLSOvWp3PFxHEGUP4d/Tu1a/tDxaiJ1KFuDw.8yPCWR0r6mdFnca', 'courier'),
(6,  'sara',     '$2b$10$qkuryVRyecEbnnDkxXCpGORigrFkJK4ZthI3RXvxrLdeBpKrfSTzy', 'courier'),
(7,  'usman',    '$2b$10$Y0DgNyC8JinnHPJjdg3d5eQQf7gfg7CQhwrbwmCBVZ0LaafidLCse', 'courier'),
(8,  'fatima',   '$2b$10$nIfocXrwZ92ggcf4eFGrgeSiZnq85Fdy4nZ2wfksVt0ucOwhFY5FG', 'courier'),
(9,  'hassan',   '$2b$10$F3KwzOazHYXq779KoI9xU..PpJ3bjW8NoaDl6lL4EeU5eauSKew5W', 'courier'),
(10, 'zainab',   '$2b$10$QDMBXT/4Bhk9DxIe5ghZLOPVTIVeSh0bycsUXX4Jv.OU7djrE8lrC', 'courier'),
(11, 'bilal',    '$2b$10$3uN1Lr/aIwsyGLoeSluvsO3SpbnpAXf55pzpt6Kaq6yF.7fW6PhgK', 'courier'),
(12, 'ayesha',   '$2b$10$q.Bz4kyudNg8BhFIn2PEG.dZuljIxPOcB7jevYm4vA5UbQbPheDNm', 'courier'),
(13, 'kamran',   '$2b$10$ed6UH27TgfZ7.XjZzJA4Qul25JFD2EcBNxdhGKxnwTgJHGL.kaQ6q', 'courier');

SELECT setval('users_user_id_seq', 13);

INSERT INTO KitchenHubs (hub_id, name, location, status) VALUES
(1, 'Central Ghost Kitchen', 'Downtown', 'ACTIVE');

INSERT INTO VirtualBrands (brand_id, hub_id, name, active_status) VALUES
(1, 1, 'Burger Lab',   TRUE),
(2, 1, 'Pasta Point',  TRUE),
(3, 1, 'Pizza Hub',    TRUE),
(4, 1, 'Rice Bowl',    TRUE),
(5, 1, 'Fry Nation',   TRUE);

INSERT INTO Inventory (ingredient_id, name, total_quantity, unit) VALUES
(1,  'Buns',         500, 'pcs'),
(2,  'Beef Patty',   300, 'pcs'),
(3,  'Chicken',      400, 'kg'),
(4,  'Cheese',       350, 'kg'),
(5,  'Rice',         600, 'kg'),
(6,  'Pasta',        450, 'kg'),
(7,  'Tomato Sauce', 300, 'liters'),
(8,  'Oil',          500, 'liters'),
(9,  'Spices',       200, 'kg'),
(10, 'Vegetables',   400, 'kg');

INSERT INTO BrandInventoryAllocation (brand_id, ingredient_id, allocation_percentage) VALUES
(1, 1,  30),
(1, 2,  40),
(1, 4,  30),
(2, 6,  50),
(2, 7,  30),
(3, 1,  20),
(3, 7,  40),
(4, 5,  60),
(5, 8,  40),
(5, 9,  20);

INSERT INTO MenuItems (item_id, brand_id, name, price, is_available) VALUES
(1,  1, 'Classic Burger',        450, TRUE),
(2,  1, 'Cheese Burger',         500, TRUE),
(3,  1, 'Double Smash Burger',   700, TRUE),
(4,  1, 'Crispy Chicken Burger', 550, TRUE),
(18, 1, 'Zinger Burger',         580, TRUE),
(5,  2, 'Alfredo Pasta',         650, TRUE),
(6,  2, 'Penne Arrabbiata',      600, TRUE),
(7,  2, 'Rose Pasta',            700, TRUE),
(8,  3, 'Pepperoni Pizza',       900, TRUE),
(9,  3, 'Margherita Pizza',      750, TRUE),
(10, 3, 'BBQ Chicken Pizza',     950, TRUE),
(11, 4, 'Chicken Rice Bowl',     550, TRUE),
(12, 4, 'Beef Rice Bowl',        600, TRUE),
(13, 4, 'Veggie Rice Bowl',      450, TRUE),
(14, 5, 'Loaded Fries',          400, TRUE),
(15, 5, 'Masala Fries',          350, TRUE),
(16, 5, 'Cheese Fries',          450, TRUE),
(17, 5, 'Spicy Fries',           380, TRUE);

INSERT INTO Couriers (courier_id, user_id, name, status, rating) VALUES
(1,  4,  'Ali',     'AVAILABLE', 4.8),
(2,  5,  'Ahmed',   'AVAILABLE', 4.5),
(3,  6,  'Sara',    'BUSY',      4.9),
(4,  7,  'Usman',   'AVAILABLE', 4.2),
(5,  8,  'Fatima',  'AVAILABLE', 4.7),
(6,  9,  'Hassan',  'BUSY',      4.3),
(7,  10, 'Zainab',  'AVAILABLE', 4.6),
(8,  11, 'Bilal',   'AVAILABLE', 4.1),
(9,  12, 'Ayesha',  'BUSY',      4.9),
(10, 13, 'Kamran',  'AVAILABLE', 4.4);

INSERT INTO Orders (order_id, brand_id, order_status, created_at) VALUES
(1,  1, 'DELIVERED', NOW() - INTERVAL '30 days'),
(2,  2, 'DELIVERED', NOW() - INTERVAL '29 days'),
(3,  3, 'DELIVERED', NOW() - INTERVAL '28 days'),
(4,  4, 'DELIVERED', NOW() - INTERVAL '27 days'),
(5,  5, 'CANCELLED', NOW() - INTERVAL '27 days'),
(6,  1, 'DELIVERED', NOW() - INTERVAL '26 days'),
(7,  2, 'DELIVERED', NOW() - INTERVAL '25 days'),
(8,  3, 'PLACED',    NOW() - INTERVAL '24 days'),
(9,  4, 'DELIVERED', NOW() - INTERVAL '23 days'),
(10, 5, 'DELIVERED', NOW() - INTERVAL '22 days'),
(11, 1, 'DELIVERED', NOW() - INTERVAL '21 days'),
(12, 2, 'CANCELLED', NOW() - INTERVAL '20 days'),
(13, 3, 'DELIVERED', NOW() - INTERVAL '19 days'),
(14, 4, 'DELIVERED', NOW() - INTERVAL '18 days'),
(15, 5, 'DELIVERED', NOW() - INTERVAL '17 days'),
(16, 1, 'PLACED',    NOW() - INTERVAL '16 days'),
(17, 2, 'DELIVERED', NOW() - INTERVAL '15 days'),
(18, 3, 'DELIVERED', NOW() - INTERVAL '14 days'),
(19, 4, 'CANCELLED', NOW() - INTERVAL '13 days'),
(20, 5, 'DELIVERED', NOW() - INTERVAL '12 days'),
(21, 1, 'DELIVERED', NOW() - INTERVAL '11 days'),
(22, 2, 'DELIVERED', NOW() - INTERVAL '10 days'),
(23, 3, 'DELIVERED', NOW() - INTERVAL '9 days'),
(24, 4, 'DELIVERED', NOW() - INTERVAL '8 days'),
(25, 5, 'PLACED',    NOW() - INTERVAL '7 days'),
(26, 1, 'DELIVERED', NOW() - INTERVAL '6 days'),
(27, 2, 'DELIVERED', NOW() - INTERVAL '5 days'),
(28, 3, 'CANCELLED', NOW() - INTERVAL '4 days'),
(29, 4, 'DELIVERED', NOW() - INTERVAL '3 days'),
(30, 5, 'DELIVERED', NOW() - INTERVAL '2 days'),
(31, 1, 'DELIVERED', NOW() - INTERVAL '1 day'),
(32, 2, 'DELIVERED', NOW() - INTERVAL '1 day'),
(33, 3, 'DELIVERED', NOW()),
(34, 4, 'PLACED',    NOW()),
(35, 5, 'DELIVERED', NOW()),
(36, 1, 'DELIVERED', NOW()),
(37, 2, 'CANCELLED', NOW()),
(38, 3, 'DELIVERED', NOW()),
(39, 4, 'DELIVERED', NOW()),
(40, 5, 'DELIVERED', NOW());

INSERT INTO OrderItems (order_id, item_id, quantity) VALUES
(1,  1,  2), (1,  2,  1),
(2,  5,  1), (2,  6,  2),
(3,  8,  1),
(4,  11, 2),
(5,  14, 1),
(6,  3,  1), (6,  18, 1),
(7,  7,  2),
(8,  9,  1), (8,  10, 1),
(9,  12, 1), (9,  13, 2),
(10, 15, 2), (10, 16, 1),
(11, 1,  3), (11, 4,  1),
(12, 5,  2),
(13, 8,  2), (13, 9,  1),
(14, 11, 1), (14, 12, 1),
(15, 14, 2), (15, 17, 1),
(16, 2,  1), (16, 3,  2),
(17, 6,  1), (17, 7,  1),
(18, 10, 1),
(19, 13, 3),
(20, 15, 1), (20, 16, 2),
(21, 1,  2), (21, 18, 1),
(22, 5,  1), (22, 6,  1),
(23, 9,  2),
(24, 11, 2), (24, 13, 1),
(25, 14, 1), (25, 17, 2),
(26, 2,  2), (26, 4,  1),
(27, 7,  1), (27, 5,  2),
(28, 8,  1),
(29, 12, 2),
(30, 16, 1), (30, 15, 1),
(31, 1,  1), (31, 2,  2),
(32, 6,  2),
(33, 9,  1), (33, 10, 2),
(34, 11, 1), (34, 12, 1),
(35, 14, 3),
(36, 18, 1), (36, 3,  1),
(37, 5,  1),
(38, 8,  1), (38, 9,  1),
(39, 13, 2),
(40, 17, 1), (40, 16, 1);

INSERT INTO Deliveries (delivery_id, order_id, courier_id, delivery_status) VALUES
(1,  1,  1,  'COMPLETED'),
(2,  2,  2,  'COMPLETED'),
(3,  3,  3,  'COMPLETED'),
(4,  4,  4,  'COMPLETED'),
(5,  6,  5,  'COMPLETED'),
(6,  7,  6,  'COMPLETED'),
(7,  9,  7,  'COMPLETED'),
(8,  10, 8,  'COMPLETED'),
(9,  11, 9,  'COMPLETED'),
(10, 13, 10, 'COMPLETED'),
(11, 14, 1,  'COMPLETED'),
(12, 15, 2,  'COMPLETED'),
(13, 17, 3,  'COMPLETED'),
(14, 18, 4,  'COMPLETED'),
(15, 20, 5,  'COMPLETED'),
(16, 21, 6,  'COMPLETED'),
(17, 22, 7,  'COMPLETED'),
(18, 23, 8,  'COMPLETED'),
(19, 24, 9,  'COMPLETED'),
(20, 26, 10, 'COMPLETED'),
(21, 27, 1,  'COMPLETED'),
(22, 29, 2,  'COMPLETED'),
(23, 30, 3,  'COMPLETED'),
(24, 31, 4,  'COMPLETED'),
(25, 32, 5,  'COMPLETED'),
(26, 33, 6,  'COMPLETED'),
(27, 35, 7,  'COMPLETED'),
(28, 36, 8,  'COMPLETED'),
(29, 38, 9,  'COMPLETED'),
(30, 39, 10, 'COMPLETED');

INSERT INTO Payouts (payout_id, courier_id, amount, payout_date) VALUES
(1,  1,  500, NOW() - INTERVAL '30 days'),
(2,  2,  450, NOW() - INTERVAL '29 days'),
(3,  3,  600, NOW() - INTERVAL '28 days'),
(4,  4,  520, NOW() - INTERVAL '27 days'),
(5,  5,  480, NOW() - INTERVAL '26 days'),
(6,  6,  550, NOW() - INTERVAL '25 days'),
(7,  7,  510, NOW() - INTERVAL '23 days'),
(8,  8,  490, NOW() - INTERVAL '22 days'),
(9,  9,  530, NOW() - INTERVAL '21 days'),
(10, 10, 470, NOW() - INTERVAL '19 days'),
(11, 1,  500, NOW() - INTERVAL '18 days'),
(12, 2,  460, NOW() - INTERVAL '17 days'),
(13, 3,  580, NOW() - INTERVAL '15 days'),
(14, 4,  510, NOW() - INTERVAL '14 days'),
(15, 5,  490, NOW() - INTERVAL '12 days'),
(16, 6,  540, NOW() - INTERVAL '11 days'),
(17, 7,  520, NOW() - INTERVAL '10 days'),
(18, 8,  500, NOW() - INTERVAL '9 days'),
(19, 9,  480, NOW() - INTERVAL '8 days'),
(20, 10, 560, NOW() - INTERVAL '6 days'),
(21, 1,  510, NOW() - INTERVAL '5 days'),
(22, 2,  470, NOW() - INTERVAL '3 days'),
(23, 3,  590, NOW() - INTERVAL '2 days'),
(24, 4,  530, NOW() - INTERVAL '1 day'),
(25, 5,  500, NOW() - INTERVAL '1 day'),
(26, 6,  545, NOW()),
(27, 7,  515, NOW()),
(28, 8,  495, NOW()),
(29, 9,  525, NOW()),
(30, 10, 475, NOW());

SELECT setval('kitchenhubs_hub_id_seq', 1);
SELECT setval('virtualbrands_brand_id_seq', 5);
SELECT setval('inventory_ingredient_id_seq', 10);
SELECT setval('menuitems_item_id_seq', 18);
SELECT setval('couriers_courier_id_seq', 10);
SELECT setval('orders_order_id_seq', 40);
SELECT setval('orderitems_order_item_id_seq', (SELECT COUNT(*) FROM OrderItems));
SELECT setval('deliveries_delivery_id_seq', 30);
SELECT setval('payouts_payout_id_seq', 30);
